#,Feature,Section,Priority,Status,Notes
1,Project setup and configuration,1,Critical,To Do,
2,Login/logout flow,2,Critical,To Do,
3,JWT token management,2,Critical,To Do,
4,Account lockout,2,Critical,To Do,
5,Login statistics tracking,2,Medium,To Do,
6,Registration,2,Critical,To Do,
7,Forced logout & token blacklist,2,High,To Do,
8,SSO integration,2,Medium,To Do,
9,TOTP MFA setup,3,Critical,To Do,
10,MFA backup codes,3,Critical,To Do,
11,Admin MFA controls,3,High,To Do,
12,Bcrypt password hashing,4,Critical,To Do,
13,Password complexity rules,4,Critical,To Do,
14,Password blacklist,4,High,To Do,
15,Admin password reset,4,High,To Do,
16,Redis session management,5,Critical,To Do,
17,Active session tracking,5,High,To Do,
18,Session auto-extend,5,Medium,To Do,
19,CSRF double-submit cookie,6,High,To Do,
20,Input sanitization functions,7,High,To Do,
21,Zod schema validation,7,High,To Do,
22,Role hierarchy implementation,8,Critical,To Do,
23,70+ granular permissions,9,Critical,To Do,
24,Permission matrix view,9,Medium,To Do,
25,Rate limiting (10 types),10,High,To Do,
26,Rate limit monitoring dashboard,10,Medium,To Do,
27,IP allowlisting,11,High,To Do,
28,Geo-restriction,11,Low,To Do,
29,Security headers (8 headers),12,High,To Do,
30,Content Security Policy,12,High,To Do,
31,Audit logging (35+ actions),13,Critical,To Do,
32,Audit log export (4 formats),13,Medium,To Do,
33,Compliance reporting,13,Medium,To Do,
34,Row-level security (ORM),14,Critical,To Do,
35,PostgreSQL native RLS,14,High,To Do,
36,Threat detection (6 types),15,High,To Do,
37,Suspicious IP tracking,15,Medium,To Do,
38,Admin dashboard tabs (19 pages),16,High,To Do,
39,User CRUD + search/filters,17,Critical,To Do,
40,User invitations,17,Medium,To Do,
41,Inactive user management,17,Medium,To Do,
42,System configuration UI,18,High,To Do,
43,Feature toggles,18,Medium,To Do,
44,Branding configuration,18,Low,To Do,
45,Database backup/restore,19,High,To Do,
46,Backup scheduling,19,Medium,To Do,
47,API health monitoring,20,High,To Do,
48,Error dashboard,20,Medium,To Do,
49,System health monitor,21,High,To Do,
50,Health check endpoint,21,High,To Do,
51,BI / analytics dashboard,22,Medium,To Do,
52,Report generation & export,22,Medium,To Do,
53,Privacy-first analytics,23,Low,To Do,
54,Object storage dashboard,24,Medium,To Do,
55,Storage test connection,24,Medium,To Do,
56,SMTP configuration,25,Medium,To Do,
57,Test email,25,Medium,To Do,
58,Email templates,25,Low,To Do,
59,Inbound email integration,25,Low,To Do,
60,Webhook system,26,Medium,To Do,
61,HMAC-SHA256 signing,26,Medium,To Do,
62,Webhook retry & auto-disable,26,Medium,To Do,
63,Webhook delivery log,26,Medium,To Do,
64,Email notifications,27,Medium,To Do,
65,In-app notifications,27,Medium,To Do,
66,Push notifications,27,Low,To Do,
67,SMS (Twilio),27,Low,To Do,
68,WhatsApp (Twilio),27,Low,To Do,
69,Slack / Teams integration,27,Low,To Do,
70,Alert rules configuration,27,Medium,To Do,
71,Feature flags (boolean),28,Medium,To Do,
72,Percentage rollouts,28,Low,To Do,
73,Kill switches,28,Medium,To Do,
74,A/B testing,28,Low,To Do,
75,License tier management,29,Medium,To Do,
76,License key generation,29,Medium,To Do,
77,License validation middleware,29,Medium,To Do,
78,Post-quantum encryption (V2),29,Low,To Do,
79,Payment integration,29,Medium,To Do,
80,Auto-downgrade cron,29,Medium,To Do,
81,Training programs,30,Low,To Do,
82,Certification tracking,30,Low,To Do,
83,SLA policies,31,Medium,To Do,
84,SLA compliance dashboard,31,Medium,To Do,
85,Business hours calculation,31,Medium,To Do,
86,Survey templates,32,Low,To Do,
87,Auto-deploy surveys,32,Low,To Do,
88,Survey analytics,32,Low,To Do,
89,Organization hierarchy,33,Medium,To Do,
90,Unit-level data isolation,33,Medium,To Do,
91,CSV user import,34,Medium,To Do,
92,CSV user export with PII masking,34,Medium,To Do,
93,Configuration change logging,35,Medium,To Do,
94,Configuration rollback,35,Low,To Do,
95,Frontend performance optimization,36,Medium,To Do,
96,Backend query optimization,36,Medium,To Do,
97,Caching strategy,36,Medium,To Do,
98,SAST (SonarQube/CodeQL),37,Medium,To Do,
99,DAST (OWASP ZAP),37,Medium,To Do,
100,SCA (npm audit/Snyk),37,Medium,To Do,
101,CI/CD security pipeline,37,Medium,To Do,
102,Network security (tunnel + VPN),38,Critical,To Do,
103,Secrets management,38,High,To Do,
104,Environment variable validation,39,High,To Do,
105,Production enforcement checks,39,High,To Do,
106,Self-protection guards,40,Critical,To Do,
107,Confirmation dialogs,40,High,To Do,
108,Periodic access reviews,40,Medium,To Do,
